title,reference,date,section,via,url
中华人民共和国密码法,,2023-06-04,法律法规,index,https://www.oscca.gov.cn/sca/xxgk/2023-06/04/content_1057225.shtml
中华人民共和国网络安全法,,2016-11-07,法律法规,index,https://www.oscca.gov.cn/sca/xxgk/2016-11/07/content_1012647.shtml
国家密码管理局及下属单位综合性涉企收费目录清单,,2025-07-28,规范性文件,index,https://www.oscca.gov.cn/sca/xxgk/2025-07/28/content_1061275.shtml
关于印发《商用密码领域违法线索投诉举报处理办法（试行）》的通知,,2024-05-17,规范性文件,index,https://www.oscca.gov.cn/sca/xxgk/2024-05/17/content_1061190.shtml
市场监管总局 国家密码管理局关于开展商用密码检测认证工作的实施意见,,2020-03-31,规范性文件,index,https://www.oscca.gov.cn/sca/xxgk/2020-03/31/content_1060707.shtml
国家密码管理局关于印发《电子政务电子认证服务业务规则规范》的通知,,2019-01-17,规范性文件,index,https://www.oscca.gov.cn/sca/xxgk/2019-01/17/content_1057235.shtml
国家密码管理局关于印发《电子政务电子认证服务质量评估要求》的通知,,2019-01-17,规范性文件,index,https://www.oscca.gov.cn/sca/xxgk/2019-01/17/content_1057245.shtml
国家密码管理局关于取消证明事项的通知,,2018-10-11,规范性文件,index,https://www.oscca.gov.cn/sca/xxgk/2018-10/11/content_1057237.shtml
商用密码科研管理规定,,2017-12-06,规范性文件,index,https://www.oscca.gov.cn/sca/xxgk/2017-12/06/content_1002398.shtml
商用密码应用安全性评估管理办法,国家密码管理局令第3号,,verified link,CN_layer2_links.md,https://www.oscca.gov.cn/sca/xxgk/2023-10/07/content_1061109.shtml
商用密码产品认证目录 第一批 / 第二批 / 第三批,市场监管总局+国家密码管理局公告,,verified link,CN_layer2_links.md,https://www.oscca.gov.cn/sca/xwdt/2020-05/11/content_1060749.shtml
商用密码进口许可清单 和 出口管制清单,商务部+国家密码管理局+海关总署公告 2020年第63号,,verified link,CN_layer2_links.md,https://www.oscca.gov.cn/sca/xwdt/2020-12/02/content_1060787.shtml
