n	title	reference	section	listed_date	doc_number	in_force_from	chars	has_articles	attachments	flag	url	file	fetched	via
1	中华人民共和国密码法		法律法规	2023-06-04			5338	True			https://www.oscca.gov.cn/sca/xxgk/2023-06/04/content_1057225.shtml	中华人民共和国密码法-09e699e6	2026-09-22T00:34:10Z	index
2	中华人民共和国网络安全法		法律法规	2016-11-07			9771	True			https://www.oscca.gov.cn/sca/xxgk/2016-11/07/content_1012647.shtml	中华人民共和国网络安全法-bffe88bc	2026-09-22T00:34:25Z	index
3	国家密码管理局及下属单位综合性涉企收费目录清单		规范性文件	2025-07-28	第760号		1020	False			https://www.oscca.gov.cn/sca/xxgk/2025-07/28/content_1061275.shtml	国家密码管理局及下属单位综合性涉企收费目录清单-6373a2cb	2026-09-22T00:34:38Z	index
4	关于印发《商用密码领域违法线索投诉举报处理办法（试行）》的通知		规范性文件	2024-05-17	〔2024〕128号	2024年6月1日	2998	True			https://www.oscca.gov.cn/sca/xxgk/2024-05/17/content_1061190.shtml	关于印发-商用密码领域违法线索投诉举报处理办法-试行-的通知-c4a923c0	2026-09-22T00:34:52Z	index
5	市场监管总局 国家密码管理局关于开展商用密码检测认证工作的实施意见		规范性文件	2020-03-31			1234	False			https://www.oscca.gov.cn/sca/xxgk/2020-03/31/content_1060707.shtml	市场监管总局-国家密码管理局关于开展商用密码检测认证工作的实施意见-4bed6fa3	2026-09-22T00:35:02Z	index
6	国家密码管理局关于印发《电子政务电子认证服务业务规则规范》的通知		规范性文件	2019-01-17	〔2018〕572号	2019年3月1日	487	False	d794aef2bc1e4dd28574ec398ea8613c.doc | c37837bd21e04358a5f8e3af1134d63f.doc		https://www.oscca.gov.cn/sca/xxgk/2019-01/17/content_1057235.shtml	国家密码管理局关于印发-电子政务电子认证服务业务规则规范-的通知-26b4d56b	2026-09-22T00:35:14Z	index
7	国家密码管理局关于印发《电子政务电子认证服务质量评估要求》的通知		规范性文件	2019-01-17	〔2018〕571号	2019年3月1日	487	False	daf6335057024992887df56ab14c49c1.doc | f1958163eca247c0a5708552019bdb8b.doc		https://www.oscca.gov.cn/sca/xxgk/2019-01/17/content_1057245.shtml	国家密码管理局关于印发-电子政务电子认证服务质量评估要求-的通知-c14058dc	2026-09-22T00:35:53Z	index
8	国家密码管理局关于取消证明事项的通知		规范性文件	2018-10-11	〔2018〕417号		757	False	c447f433d35d49d6a3a7b8edc0ca5cba.docx | 405b1d3dd0e146c88f317a9576e43acc.docx		https://www.oscca.gov.cn/sca/xxgk/2018-10/11/content_1057237.shtml	国家密码管理局关于取消证明事项的通知-786e68b9	2026-09-22T00:36:38Z	index
9	商用密码科研管理规定		规范性文件	2017-12-06	第4号	2006年1月1日	1307	True			https://www.oscca.gov.cn/sca/xxgk/2017-12/06/content_1002398.shtml	商用密码科研管理规定-70135067	2026-09-22T00:37:10Z	index
10	商用密码应用安全性评估管理办法	国家密码管理局令第3号	verified link		第3号	2023年11月1日	4060	True	ce8d58e47a4a4976bf2abac62afa4efb.docx | c32620ca4f414f2fb837edda024c8ea0.pdf		https://www.oscca.gov.cn/sca/xxgk/2023-10/07/content_1061109.shtml	商用密码应用安全性评估管理办法-9007b7cf	2026-09-22T00:37:23Z	CN_layer2_links.md
11	商用密码产品认证目录 第一批 / 第二批 / 第三批	市场监管总局+国家密码管理局公告	verified link		第39号		558	False	2dafffd5b75d4e25aab610f357bb5ec9.pdf | 9b1da93fabbb4037b8d065fcd0a7be79.pdf		https://www.oscca.gov.cn/sca/xwdt/2020-05/11/content_1060749.shtml	商用密码产品认证目录-第一批-第二批-第三批-7478e76d	2026-09-22T00:37:59Z	CN_layer2_links.md
12	商用密码进口许可清单 和 出口管制清单	商务部+国家密码管理局+海关总署公告 2020年第63号	verified link		2020年第63号		816	False	d5df6adbd5f7422a8cfc86367777ea13.doc | 0c06538e997a4679b69a708d1b20a26c.doc		https://www.oscca.gov.cn/sca/xwdt/2020-12/02/content_1060787.shtml	商用密码进口许可清单-和-出口管制清单-ca964389	2026-09-22T00:38:38Z	CN_layer2_links.md
