name	url	kind	why_not_automatic	what_to_look_for	expect	indicators	breadth	breadth_basis	last_checked	address_verified
国家法律法规数据库 · layer 1	https://flk.npc.gov.cn/	layer-1	robots.txt forbids automated collection	New and revised laws and administrative regulations. Re-download in bulk	continuous	most (18 fully answerable, 31 more framework-only)	multiple	measured: aggregated from CN_layer2_checklist.md		
工业和信息化部 · 政策文件	https://www.miit.gov.cn/zwgk/zcwj/	manual-host	403 to any honest client, robots.txt included	New 令, 通告 and 公告; changes to 电信业务分类目录 and to the 进网许可 catalogue. Save attachments	irregular	3.1, 3.5, 5.1, 5.2, 5.5, 6.1, 7.2, 10.2, 11.2, 11.3, 12.3, 12.7	multiple	measured: aggregated from CN_layer2_checklist.md		
国家发展和改革委员会 · 发展改革委令 [deferred]	https://www.ndrc.gov.cn/xxgk/zcfb/fzggwl/	manual-host	403 from a WAF on robots.txt	A new 外商投资准入负面清单 or 自贸区负面清单; a new 鼓励外商投资产业目录	negative list revised 2019, 2020, 2021, 2024; encouraged list 2022, 2025	2.3, 3.1, 3.2, 3.4, 3.5, 12.01	multiple	measured: aggregated from CN_layer2_checklist.md		
中国人民银行 · 条法司 规范性文件 [deferred]	https://www.pbc.gov.cn/tiaofasi/144941/3581332/index.html	manual-host	robots.txt: User-agent: * / Disallow: /	Payment rules, caps and account tiers; anything replacing 银发〔2017〕296号	irregular	12.4.4, 12.4.5, 12.4.6, 12.4.7	multiple	measured: aggregated from CN_layer2_checklist.md		
中国人民银行 · 条法司 规章 [deferred]	https://www.pbc.gov.cn/tiaofasi/144941/144957/index.html	manual-host	robots.txt: User-agent: * / Disallow: /	New PBOC 令 — the 银行卡清算 rule was replaced in 2025 and the crypto notice in 2026	irregular	6.1, 7.1, 12.4.4	multiple	measured: aggregated from CN_layer2_checklist.md		
国家外汇管理局 [deferred]	https://www.safe.gov.cn/	manual-host	kept with PBOC; two documents do not justify a tool	Cross-border payment and FX rules for payment institutions	irregular	12.4.2	single	measured: aggregated from CN_layer2_checklist.md		
海关总署 · 公告	https://www.customs.gov.cn/customs/302249/302266/302267/index.html	tariff	manual by decision, CONVENTIONS rule 14, not deferred: the tariff is not legislation and is read by a researcher at scoring time. Also 412 to an honest client, with a certificate Chrome rejects	Cross-border e-commerce supervision (1210 / 9610 / 9710 / 9810); any new customs list	irregular	12.2	single	measured: aggregated from CN_layer2_checklist.md		not verified 2026-09-22 — open it in a browser and set this date
公安部 [deferred]	https://www.mps.gov.cn/n6557558/index.html	manual-host	521 on the day of checking	New 公安部令 on network security; the 网络安全等级保护条例 if it is ever finalised	irregular	7.2, 7.3, 7.5, 8.4	multiple	measured: aggregated from CN_layer2_checklist.md		
国家卫生健康委员会 [deferred]	https://www.nhc.gov.cn/	manual-host	412 to an honest client	Health-data rules	irregular	6.1, 6.2	multiple	measured: aggregated from CN_layer2_checklist.md		
司法部 · 国家规章库	https://www.moj.gov.cn/pub/sfbgw/flfggz/	manual-host	robots.txt answers 302 to a hidden bot-trap link; permission cannot be established. The best proxy for the rule tier in force; a person can still consult it in a browser	The cross-ministry index of current 部门规章 — the best single place to spot a rule from a publisher we do not watch	continuous	all below statute	multiple	measured: aggregated from CN_layer2_checklist.md		
国家标准 GB/T [deferred]	https://openstd.samr.gov.cn/bzgk/gb/	standards	redistribution restricted; record identifiers only	New editions of SM2, SM3, SM4, SM9, GB/T 22239, GB/T 35273	irregular	2.2, 6.1, 7.1, 7.2, 7.4, 11.4	multiple	measured: aggregated from CN_layer2_checklist.md		
财政部关税司 · 政策发布 (tariff)	https://gss.mof.gov.cn/gzdt/zhengcefabu/	tariff	manual by decision, CONVENTIONS rule 14, not deferred: tariff plans and the 行邮税 threshold are announcements, not legislation, and are read by a researcher at scoring time	The annual 关税调整方案; any change to the ¥50 免征额 or to the cross-border e-commerce caps and list	tariff plan every late December	1.4, 2.1, 12.2, 12.5, 12.6	multiple	measured: aggregated from CN_layer2_checklist.md		not verified 2026-09-22 — open it in a browser and set this date
商务部 · 政策发布 [deferred]	https://www.mofcom.gov.cn/zwgk/zcfb/	stream	announcement stream; only the 规章库 is taken whole	进口许可证管理货物目录 (every December); 禁止进口货物目录 batches; export-control and technology catalogues	import licence catalogue every late December	2.3, 10.1, 10.2	multiple	measured: aggregated from CN_layer2_checklist.md		
商务部 · 出口管制 [deferred]	http://exportcontrol.mofcom.gov.cn/	stream	announcement stream	A new 两用物项出口管制清单; the annual 两用物项和技术进出口许可证管理目录	licence catalogue every late December	10.4	single	measured: aggregated from CN_layer2_checklist.md		
商务部 · 服贸司 技术进出口 [deferred]	https://fms.mofcom.gov.cn/zcfg/jsjckzcfg/	stream	announcement stream	Adjustments to 禁止出口限制出口技术目录 and 禁止进口限制进口技术目录	irregular: 2020, 2023, 2025	4.9, 10.4	multiple	measured: aggregated from CN_layer2_checklist.md		
商务部 · 贸易救济调查局 [deferred]	https://trb.mofcom.gov.cn/	stream	announcement stream	New investigations, determinations and sunset reviews on ICT goods	continuous	1.4	single	measured: aggregated from CN_layer2_checklist.md		
国家认证认可监督管理委员会 · 公告 [deferred]	https://www.cnca.gov.cn/zwxx/gg/	stream	hundreds of product-certification notices; only verified links are fetched	Changes to the 强制性产品认证目录 and CCC implementing rules	several a year	10.2, 11.2, 11.3	multiple	measured: aggregated from CN_layer2_checklist.md		
国家密码管理局 · 新闻动态 [deferred]	https://www.oscca.gov.cn/sca/xwdt/	stream	the certification catalogue batches sit here, outside the sections crawled	A fourth batch of the 商用密码产品认证目录; changes to the import and export lists	batches 2020, 2022, 2025	2.2, 10.2, 11.4	multiple	measured: aggregated from CN_layer2_checklist.md		
中国政府网 · 国务院政策文件库	https://www.gov.cn/zhengce/zhengceku/	canary	its search, sousuo.www.gov.cn, forbids us (robots.txt: Disallow: /, read 2026-09-21), and www.gov.cn/zhengce/zhengceku/ has no index page (403). Browse it by hand. The gazette, which could have been an automatic canary for rules, was deferred on 2026-09-22	国务院部门文件 — notices from any ministry, including ones not on this list. A notice from an unfamiliar issuer means the list is out of date	continuous	all	multiple	measured: aggregated from CN_layer2_checklist.md		
国家数据局	https://www.nda.gov.cn/	new-publisher	created 2023; not in the source list. robots.txt: none published (404, 2026-09-21)	Data rules — cross-border data, data property, public data. Pillar 6 and 7 territory	continuous	6.x, 7.x (expected)	multiple	measured: aggregated from CN_layer2_checklist.md		
国家金融监督管理总局	https://www.nfra.gov.cn/	new-publisher	replaced 银保监会 in 2023; not in the source list. robots.txt: none published (404, 2026-09-21)	Financial-sector data and record-retention rules	irregular	7.3, 12.4.x (expected)	multiple	measured: aggregated from CN_layer2_checklist.md		
国家知识产权局	https://www.cnipa.gov.cn/	new-publisher	not in the source list. robots.txt: none published (404, 2026-09-21)	Patent examination rules touching software and algorithms	irregular	4.x, 4.9 (expected)	multiple	measured: aggregated from CN_layer2_checklist.md		
国家统计局	https://www.stats.gov.cn/	new-publisher	the developer's example, 2026-09-21. robots.txt: none published (404, 2026-09-21). Its relevance to the instrument is unconfirmed	Statistical-data rules, if any bear on data flows	irregular	unconfirmed	unconfirmed	measured: aggregated from CN_layer2_checklist.md		
自然资源部 · Ministry of Natural Resources	https://www.mnr.gov.cn/	new-publisher	found 2026-09-21 by the breadth check: the checklist cites 地图管理条例 and the 测绘地理信息 rules for 6.1 and 6.3, and no source list or links file names their publisher. robots.txt: no answer (HTTP 000) on 2026-09-21, so permission cannot be established	Map and geographic-information rules: restrictions on exporting or hosting geographic data	irregular	6.1, 6.3	multiple	measured: aggregated from CN_layer2_checklist.md		
国家市场监督管理总局 · 法规司 [deferred]	https://www.samr.gov.cn/zw/zfxxgk/fdzdgknr/fgs/	regulator	deferred 2026-09-22 to focus on the national database and CAC, MIIT, Customs; files kept in _deferred/. 18% relevant; 203 of 235 fetched	Rules on online trading, advertising, standards, product certification	irregular	9.3, 11.1, 12.3, 12.9	multiple	measured: aggregated from CN_layer2_checklist.md		
商务部 · 规章库 [deferred]	https://www.mofcom.gov.cn/zfxxgk/zc/gz/	regulator	deferred 2026-09-22 to focus on the national database and CAC, MIIT, Customs; files kept in _deferred/. 22% relevant; 160 of 160 fetched	Rules on trade, investment and e-commerce among its 152 in force	irregular	1.4, 2.3, 4.9, 10.1, 10.2, 10.4	multiple	measured: aggregated from CN_layer2_checklist.md		
国家密码管理局 · 政策法规 [deferred]	https://www.oscca.gov.cn/sca/xxgk/zcfg/flfg.shtml	regulator	deferred 2026-09-22 to focus on the national database and CAC, MIIT, Customs; files kept in _deferred/; 12 fetched	Commercial-cryptography rules	irregular	2.2, 10.2, 11.4	multiple	measured: aggregated from CN_layer2_checklist.md		
国家新闻出版署 · NPPA [deferred]	https://www.nppa.gov.cn/	regulator	deferred 2026-09-22 to focus on the national database and CAC, MIIT, Customs; files kept in _deferred/	Online-publishing rules, including the server-location rule	irregular	3.3, 6.3, 9.4	multiple	measured: aggregated from CN_layer2_checklist.md		
国家广播电视总局 · NRTA [deferred]	https://www.nrta.gov.cn/	regulator	deferred 2026-09-22 to focus on the national database and CAC, MIIT, Customs; files kept in _deferred/	Online audiovisual rules	irregular	9.4	single	measured: aggregated from CN_layer2_checklist.md		
文化和旅游部 · MCT [deferred]	https://www.mct.gov.cn/	regulator	deferred 2026-09-22 to focus on the national database and CAC, MIIT, Customs; files kept in _deferred/	Internet-culture rules	irregular	9.4	single	measured: aggregated from CN_layer2_checklist.md		
科学技术部 · MOST [deferred]	https://www.most.gov.cn/	regulator	deferred 2026-09-22 to focus on the national database and CAC, MIIT, Customs; files kept in _deferred/	Human-genetic-resources data rules	irregular	6.1	single	measured: aggregated from CN_layer2_checklist.md		
国务院国资委 · SASAC [deferred]	http://www.sasac.gov.cn/	regulator	deferred 2026-09-22 to focus on the national database and CAC, MIIT, Customs; files kept in _deferred/. **The only lead for 5.3 in any source we hold**	The central-enterprise directory: state ownership of telecom operators	rolling	5.3	single	measured: aggregated from CN_layer2_checklist.md		
国务院公报 · gazette index [deferred]	https://www.gov.cn/gongbao/	canary	deferred 2026-09-22 to focus on the national database and CAC, MIIT, Customs; files kept in _deferred/. A discovery log, not a proxy for the law in force: text as issued, no repeal status. Index stopped at 180 of 936 issues	Rules issued or amended by any ministry, including ones not on this list	about 36 issues a year	all	multiple	measured: aggregated from CN_layer2_checklist.md		
