Economy,Law Name,Law Number / Ref,Last Amended,Indicator ID,Article / Section,Discovery Tag,Location Reference,Verbatim Snippet,Mapping Rationale,Source URL,Confidence,Notes,Language of Source
Australia,My Health Records Act 2012,"No. 63, 2012",2025,6.1,s.77(1),KNOWN,"Part 5 — Other offences and civil penalty provisions, s.77","must not: (a) hold the records, or take the records, outside Australia; or (b) process or handle the information relating to the records outside Australia","Sectoral (health records) local processing/holding mandate under My Health Records Act -> category (2) => 0.5, per Australia precedent.",https://www.legislation.gov.au/C2012A00063/2026-07-01/2026-07-01/text/original/epub#_Toc234668137,0.9,matches baseline r1-au-034,English
Australia,My Health Records Act 2012,"No. 63, 2012",2025,6.2,s.77(1),KNOWN,"Part 5 — Other offences and civil penalty provisions, s.77","must not: (a) hold the records, or take the records, outside Australia","Same provision also mandates local storage of health records; dual-recording rule applies, sectoral -> 0.5.",https://www.legislation.gov.au/C2012A00063/2026-07-01/2026-07-01/text/original/epub#_Toc234668137,0.85,matches baseline r1-au-035,English
Australia,Competition and Consumer Act 2010,"No. 51, 1974",2026,6.2,s.57DD(1),NEW,"Chapter 4 — Provisions relating to particular industries, payment surcharges etc., Part IVE — Motor vehicle service and repair information sharing scheme, Division 4 — Information management, s.57DD",the data provider must store the information in Australia or an external Territory,Sectoral local storage requirement limited to sensitive safety/security fit-and-proper information under motor vehicle repair scheme; single sector-specific measure = 0.5.,https://www.legislation.gov.au/C2004A00109/2026-08-27/2026-08-27/text/original/epub#_Toc239659489,0.85,instrument-level NEW: no law match in cell,English
Australia,Retirement Savings Accounts Act 1997,"No. 61, 1997",2025,6.2,s.64(1),NEW,"Part 6 — Records, audits and auditors, s.64",cause the records to be kept in Australia,"Sectoral (RSA providers) local storage requirement for records related to RSAs; specific set of data, not horizontal -> 0.5.",https://www.legislation.gov.au/C2004A05159/2026-07-01/2026-07-01/text/original/epub#_Toc235451186,0.85,instrument-level NEW: no law match in cell,English
Australia,Superannuation Industry (Supervision) Act 1993,"No. 78, 1993",2026,6.2,s.35AE(2),NEW,"Part 4 — Accounts, audit and reporting obligations for superannuation entities, Division 3 — Obligations for self managed superannuation funds, s.35AE",the records are kept in Australia,Sector-specific (self managed superannuation funds) local storage requirement for accounting records.,https://www.legislation.gov.au/C2004A04633/2026-08-10/2026-08-10/text/original/epub#_Toc237259589,0.85,instrument-level NEW: no law match in cell,English
Australia,Privacy Act 1988,"No. 119, 1988",2025,6.2,s.20Q(3),NEW,"Part IIIA — Credit reporting, Division 2 — Credit reporting bodies, Subdivision E — Integrity of credit reporting information, s.20Q",the body must store the information: (a) either: (i) in Australia or an external Territory; or (ii) in accordance with any security requirements prescribed by the regulations for storing the information outside of Australia and the external Territories,Sector-specific (credit reporting bodies) local storage requirement with conditional alternative to store abroad if security rules met; category (2) sectoral data set = 0.5.,https://www.legislation.gov.au/C2004A03712/2026-06-04/2026-06-04/text/original/epub#_Toc232574929,0.8,instrument-level NEW: no law match in cell,English
Australia,Life Insurance Act 1995,"No. 4, 1995",2025,6.2,s.76A(1),NEW,"Part 6 — Financial management of life companies etc., Division 2 — Financial records and statements, s.76A",in Australia; or,Sectoral (life insurance) local storage mandate with conditional exception via APRA approval; still a storage requirement absent approval.,https://www.legislation.gov.au/C2004A04860/2025-02-21/2025-02-21/text/original/epub#_Toc191395675,0.75,instrument-level NEW: no law match in cell,English
Australia,Superannuation Industry (Supervision) Act 1993,"No. 78, 1993",2026,6.2,s.35A(2),NEW,"Part 4 — Accounts, audit and reporting obligations for superannuation entities, Division 2 — Obligations for registrable superannuation entities, s.35A",the records are kept either: (i) in Australia; or (ii) in another country if the Regulator gives written approval,Sectoral (superannuation) requirement that accounting records be kept in Australia unless regulator approves otherwise; category (2) sectoral storage rule = 0.5.,https://www.legislation.gov.au/C2004A04633/2026-08-10/2026-08-10/text/original/epub#_Toc237259584,0.75,instrument-level NEW: no law match in cell,English
Australia,Privacy Act 1988,"No. 119, 1988",2025,6.4,s.8 [Part 3 — Dealing with personal informati],KNOWN,"Schedule 1 — Australian Privacy Principles, Part 3 — Dealing with personal information",the entity must take such steps as are reasonable in the circumstances to ensure that the overseas recipient does not breach the Australian Privacy Principles (other than Australian Privacy Principle 1) in relation to the information,APP 8 imposes a horizontal accountability condition on cross-border disclosure of personal data (with exceptions in 8.2) - conditional flow regime covering personal data horizontally scores 1,https://www.legislation.gov.au/C2004A03712/2026-06-04/2026-06-04/text/original/epub#_Toc232575248,0.85,matches baseline r1-au-037,English
Australia,Competition and Consumer Act 2010,"No. 51, 1974",2026,6.4,s.56EK(1),NEW,"Chapter 4 — Provisions relating to particular industries, payment surcharges etc., Part IVD — Consumer data right, Division 5 — Privacy safeguards, Subdivision D — Dealing with CDR data, s.56EK","the accredited data recipient must not make the disclosure unless: (c) the new recipient is an accredited person; or (d) the accredited data recipient takes reasonable steps to ensure that any act or omission by (or on behalf of) the new recipient will not, after taking into account subsection (3), contravene:","Conditional overseas disclosure regime for CDR data (personal information/consumer data) - conditions include accreditation, reasonable steps, substantially similar protection law, or CDR-rule conditions; covers personal data so scores 1 despite sectoral (CDR) scope per 6.4 asymmetry rule.",https://www.legislation.gov.au/C2004A00109/2026-08-27/2026-08-27/text/original/epub#_Toc239659414,0.85,instrument-level NEW: no law match in cell,English
Australia,Data Availability and Transparency Act 2022,"No. 11, 2022",2024,6.4,s.16A(1),NEW,"Chapter 2 — Authorisations, Part 2.4 — Privacy protections, s.16A",Data that includes biometric data must not be shared unless the individual to whom the biometric data relates expressly consents to the sharing of the biometric data.,Conditional flow regime (consent) applies to biometric personal data; personal-data conditions score 1 regardless of sectoral scope per 6.4 asymmetry rule.,https://www.legislation.gov.au/C2022A00011/2024-12-11/2024-12-11/text/original/epub#_Hlk80869974,0.75,instrument-level NEW: no law match in cell,English
Australia,Privacy Act 1988,"No. 119, 1988",2025,7.1,s.2A(1),KNOWN,"Part I — Preliminary, s.2A",to promote the protection of the privacy of individuals with respect to their personal information,"Privacy Act 1988 is Australia's comprehensive horizontal data-protection framework; objects clause confirms broad, cross-sectoral scope, so lack-of-framework indicator scores 0 (framework exists).",https://www.legislation.gov.au/C2004A03712/2026-06-04/2026-06-04/text/original/epub#_Toc232574834,0.85,controlling horizontal framework evidence,English
Australia,Cyber Security Act 2024,"No. 98, 2024",,7.2,s.6(2),KNOWN,"Division 5 — Other matters 90, s.6, p.9",improve the cyber security of products that:,"This is a provision-level citation of the Cyber Security Act 2024; economy-level 7.2 score already determined by the Act's existence/scope, not by individual provisions like s.6(2) which is a commencement/table note plus objects clause.",https://www.legislation.gov.au/C2024A00098/asmade/2024-11-29/text/original/pdf,0.75,controlling horizontal framework evidence,English
Australia,Security of Critical Infrastructure Act 2018,"No. 29, 2018",2025,7.2,s.3,KNOWN,"Part 1 — Preliminary, Division 1 — Preliminary",requiring notification of cyber security incidents,"Dedicated cybersecurity framework but limited to critical infrastructure sector entities, not horizontal across all sectors -> 0.5 branch",https://www.legislation.gov.au/C2018A00029/2026-06-04/2026-06-04/text/original/epub#_Toc231561400,0.7,"sectoral framework recorded, not controlling; re-anchored from source-text chunk to au-scia2018-001#s.3",English
Australia,Telecommunications (Interception and Access) Act 1979,"No. 114, 1979",2026,7.3,s.187C(1),KNOWN,"Chapter 5 — Co ‑ operation with agencies, Part 5 ‑ 1A — Data retention, Division 1 — Obligation to keep information and documents, s.187C",ending 2 years after it came into existence,"Telecom data retention law sets an explicit minimum retention period of 2 years for metadata, sectoral to telecom providers.",https://www.legislation.gov.au/C2004A02124/2026-08-27/2026-08-27/text/original/epub#_Toc239333387,0.92,matches baseline r1-au-041,English
Australia,Anti ‑ Money Laundering and Counter ‑ Terrorism Financing Act 2006,"No. 169, 2006",2024,7.3,s.114A(1),NEW,"Part 10 — Record ‑ keeping requirements, Division 3 — Records in connection with customer due diligence and other procedures, s.114A","the reporting entity must retain the record, or a copy of the record, for 7 years after the completion of the preparation of the record",Specifies explicit minimum retention duration (7 years) for AML/CTF reporting entities' records; sectoral (AML/CTF) not government data.,https://www.legislation.gov.au/C2006A00169/2026-07-01/2026-07-01/text/original/epub#_Toc234565518,0.95,instrument-level NEW: no law match in cell,English
Australia,Privacy (Credit Reporting) Code 2024,,,7.3,s.22(3),NEW,"Division 7 — Complaints, record keeping, system integrity and administration, s.22, p.51",a credit reporting body and a credit provider must retain records for a minimum period of 5 years from the date on which the record is made,Explicit minimum retention period (5 years) specified for credit reporting sector; meets 7.3 minimum-period test.,https://www.oaic.gov.au/__data/assets/pdf_file/0029/242588/Privacy-Credit-Reporting-Code-2024.pdf,0.95,instrument-level NEW: no law match in cell,English
Australia,Superannuation Contributions Tax (Assessment and Collection) Act 1997,"No. 70, 1997",,7.3,s.40(3),NEW,"Part 6 — Miscellaneous, s.40","must retain them until the end of 5 years after they were prepared or obtained, or the completion of the transactions or acts to which those records relate, whichever is the later",Explicit minimum retention period (5 years) specified for superannuation records; qualifies as minimum-period retention rule per 7.3 scoring tree.,https://www.legislation.gov.au/C2004A05168/2023-10-20/2023-10-20/text/original/epub#_Toc150259146,0.95,instrument-level NEW: no law match in cell,English
Australia,Anti ‑ Money Laundering and Counter ‑ Terrorism Financing Act 2006,"No. 169, 2006",2024,7.3,s.107(3),NEW,"Part 10 — Record ‑ keeping requirements, Division 2 — Records of transactions etc., s.107",must retain a record referred to in subsection (1) for a period of 7 years beginning on the day the record is made,Specifies a minimum retention floor of 7 years for reporting entities' transaction records under AML/CTF Act - sectoral (financial/AML) measure.,https://www.legislation.gov.au/C2006A00169/2026-07-01/2026-07-01/text/original/epub#_Toc234565511,0.95,instrument-level NEW: no law match in cell,English
Australia,Corporations Act 2001,"No. 50, 2001",2026,7.3,s.286(2),NEW,"Chapter 2M — Financial reports, sustainability reports and audit, Part 2M.2 — Financial and sustainability records, s.286",The financial records must be retained for 7 years after the transactions covered by the records are completed.,"Specifies an explicit minimum retention period (7 years) for financial records, satisfying the minimum-duration branch.",https://www.legislation.gov.au/C2004A00818/2026-08-27/2026-08-27/text/original/epub#_Toc239675794,0.93,instrument-level NEW: no law match in cell,English
Australia,Anti ‑ Money Laundering and Counter ‑ Terrorism Financing Act 2006,"No. 169, 2006",2024,7.3,s.117(1),NEW,"Part 10 — Record ‑ keeping requirements, Division 6 — Records about correspondent banking relationships, s.117","The financial institution must retain the record, or a copy of the record, for 7 years after the completion of the preparation of the record.",Specifies explicit minimum retention period (7 years) for correspondent banking records held by financial institutions; sectoral (financial services) scope.,https://www.legislation.gov.au/C2006A00169/2026-07-01/2026-07-01/text/original/epub#_Toc234565523,0.92,instrument-level NEW: no law match in cell,English
Australia,Defence Trade Controls Act 2012,"No. 153, 2012",2024,7.3,s.58(5),NEW,"Part 6 — Record ‑ keeping, s.58",The person must retain the records for a period of 5 years.,"Specifies a minimum retention period (5 years) for defence trade control records, satisfying the minimum-period retention rule.",https://www.legislation.gov.au/C2012A00153/2024-10-14/2024-10-14/text/original/epub#_Toc179460052,0.9,instrument-level NEW: no law match in cell,English
Australia,Anti ‑ Money Laundering and Counter ‑ Terrorism Financing Act 2006,"No. 169, 2006",2024,7.3,s.111(1),NEW,"Part 10 — Record ‑ keeping requirements, Division 3 — Records in connection with customer due diligence and other procedures, s.111","must retain, until the end of the 7 year period that begins when the business relationship ends or the reporting entity completes the provision of the occasional transaction","Specifies explicit minimum retention period (7 years) for CDD records, applicable to reporting entities under AML/CTF Act - sectoral (financial/AML sector) minimum retention rule.",https://www.legislation.gov.au/C2006A00169/2026-07-01/2026-07-01/text/original/epub#_Toc234565516,0.9,instrument-level NEW: no law match in cell,English
Australia,Anti ‑ Money Laundering and Counter ‑ Terrorism Financing Act 2006,"No. 169, 2006",2024,7.3,s.114(1),NEW,"Part 10 — Record ‑ keeping requirements, Division 3 — Records in connection with customer due diligence and other procedures, s.114",the reporting entity must retain the copy until the end of the first 7 ‑ year period,Explicit minimum retention floor (7 years) for CDD records held by reporting entities; sectoral (AML/CTF) not horizontal.,https://www.legislation.gov.au/C2006A00169/2026-07-01/2026-07-01/text/original/epub#_Hlk75772597,0.9,instrument-level NEW: no law match in cell,English
Australia,Paid Parental Leave Act 2010,"No. 104, 2010",2025,7.3,s.115S(3),NEW,"Chapter 3A — Paid Parental Leave Superannuation Contributions, Part 3 — Enforcement, Division 2 — Record keeping, s.115S",the end of 5 years after they were prepared or obtained,"Explicit minimum retention period (5 years) for superannuation provider records under paid parental leave scheme; sectoral, applies to private commercial superannuation providers not government data.",https://www.legislation.gov.au/C2010A00104/2026-07-01/2026-07-01/text/original/epub#_Toc235018556,0.9,instrument-level NEW: no law match in cell,English
Australia,Australian Security Intelligence Organisation Act 1979,"No. 113, 1979",2026,7.5,s.25A(4),KNOWN,"Part III — Functions and powers of Organisation, Division 2 — Special powers, Subdivision C — Computer access warrants, s.25A",The things that may be specified are any of the following that the Attorney ‑ General considers appropriate in the circumstances,"Warrant authorized by Attorney-General (executive), not a court/independent judicial body, enabling access to data on target computers.",https://www.legislation.gov.au/C2004A02123/2026-08-27/2026-08-27/text/original/epub#_Toc239520889,0.85,matches baseline r1-au-045,English
Australia,Telecommunications (Interception and Access) Act 1979,"No. 114, 1979",2026,7.5,s.176(2),NEW,"Chapter 4 — Access to telecommunications data, Part 4 ‑ 1 — Permitted access to telecommunications data, Division 3 — The Organisation, s.176",may authorise the disclosure of specified information or specified documents that come into existence during the period for which the authorisation is in force,Internal ASIO officials (non-judicial authority) can authorise access to telecommunications data without court order or independent judicial warrant.,https://www.legislation.gov.au/C2004A02124/2026-08-27/2026-08-27/text/original/epub#_Toc239334021,0.9,"provision-level NEW: law known, s.176 not cited by baseline",English
Australia,Australian Security Intelligence Organisation Act 1979,"No. 113, 1979",2026,7.5,s.27E(2),NEW,"Part III — Functions and powers of Organisation, Division 2 — Special powers, Subdivision G — Identified person warrants, s.27E","the Attorney ‑ General or the Director ‑ General may, on request, authorise the Organisation to do one or more of the following things under the identified person warrant","Access authorized by executive officers (Attorney-General/Director-General), not a court or independent judicial body — warrant is an administrative/ministerial authorization.",https://www.legislation.gov.au/C2004A02123/2026-08-27/2026-08-27/text/original/epub#_Toc239520918,0.85,"provision-level NEW: law known, s.27E not cited by baseline",English
Australia,Australian Security Intelligence Organisation Act 1979,"No. 113, 1979",2026,7.5,s.26J(1),NEW,"Part III — Functions and powers of Organisation, Division 2 — Special powers, Subdivision DA — Use of tracking devices under internal authorisation, s.26J","the authorisation may authorise the Organisation to do, without warrant, one or more of the following","ASIO may internally authorise tracking-device surveillance 'without warrant', i.e., without independent judicial authorization, enabling government access to personal data/location tracking absent court oversight.",https://www.legislation.gov.au/C2004A02123/2026-08-27/2026-08-27/text/original/epub#_Toc239520901,0.85,"provision-level NEW: law known, s.26J not cited by baseline",English
Australia,Telecommunications (Interception and Access) Act 1979,"No. 114, 1979",2026,7.5,s.175(2),NEW,"Chapter 4 — Access to telecommunications data, Part 4 ‑ 1 — Permitted access to telecommunications data, Division 3 — The Organisation, s.175",may authorise the disclosure of specified information or specified documents that came into existence before the time the person from whom the disclosure is sought receives notification of the authorisation,"Director-General/Deputy Director-General of Security (an administrative authority, not a court) can authorise access to telecommunications data without judicial warrant.",https://www.legislation.gov.au/C2004A02124/2026-08-27/2026-08-27/text/original/epub#_Toc239334020,0.85,"provision-level NEW: law known, s.175 not cited by baseline",English
Australia,Telecommunications (Interception and Access) Act 1979,"No. 114, 1979",2026,7.5,s.178A(2),NEW,"Chapter 4 — Access to telecommunications data, Part 4 ‑ 1 — Permitted access to telecommunications data, Division 4 — Enforcement agencies, s.178A","An authorised officer of the Australian Federal Police, or a Police Force of a State, may authorise the disclosure of specified information or specified documents",Enforcement agency officer (non-judicial) can self-authorise access to telecommunications data without court order/warrant.,https://www.legislation.gov.au/C2004A02124/2026-08-27/2026-08-27/text/original/epub#_Toc239334026,0.85,"provision-level NEW: law known, s.178A not cited by baseline",English
Australia,Telecommunications (Interception and Access) Act 1979,"No. 114, 1979",2026,7.5,s.178(1),NEW,"Chapter 4 — Access to telecommunications data, Part 4 ‑ 1 — Permitted access to telecommunications data, Division 4 — Enforcement agencies, s.178",An authorised officer of an enforcement agency may authorise the disclosure of specified information or specified documents,"Access authorised by an 'authorised officer' of an enforcement agency, not a court/independent judicial body — non-judicial access to telecommunications data.",https://www.legislation.gov.au/C2004A02124/2026-08-27/2026-08-27/text/original/epub#_Toc239334025,0.85,"provision-level NEW: law known, s.178 not cited by baseline",English
Australia,Telecommunications (Interception and Access) Act 1979,"No. 114, 1979",2026,7.5,s.180(2),NEW,"Chapter 4 — Access to telecommunications data, Part 4 ‑ 1 — Permitted access to telecommunications data, Division 4 — Enforcement agencies, s.180",An authorised officer of a criminal law ‑ enforcement agency may authorise the disclosure of specified information or specified documents that come into existence during the period for which the authorisation is in force.,"Internal authorised officer (agency self-authorisation), not a court/judicial warrant, permits access to telecommunications data - no independent judicial oversight.",https://www.legislation.gov.au/C2004A02124/2026-08-27/2026-08-27/text/original/epub#_Toc239334028,0.85,"provision-level NEW: law known, s.180 not cited by baseline",English
Australia,Telecommunications (Interception and Access) Act 1979,"No. 114, 1979",2026,7.5,s.180A(2),NEW,"Chapter 4 — Access to telecommunications data, Part 4 ‑ 1 — Permitted access to telecommunications data, Division 4A — Foreign law enforcement, Subdivision A — Primary disclosures, s.180A",An authorised officer of the Australian Federal Police may authorise the disclosure of specified information or specified documents that came into existence before the time the person from whom the disclosure is sought receives notification of the authorisation.,AFP officer (non-judicial authority) can authorize disclosure of telecommunications data without court order/judicial warrant.,https://www.legislation.gov.au/C2004A02124/2026-08-27/2026-08-27/text/original/epub#_Toc239334031,0.85,"provision-level NEW: law known, s.180A not cited by baseline",English
Australia,Telecommunications (Interception and Access) Act 1979,"No. 114, 1979",2026,7.5,s.179(3),NEW,"Chapter 4 — Access to telecommunications data, Part 4 ‑ 1 — Permitted access to telecommunications data, Division 4 — Enforcement agencies, s.179",The authorised officer must not make the authorisation unless he or she is satisfied that the disclosure is reasonably necessary for the enforcement of a law imposing a pecuniary penalty or for the protection of the public revenue.,"Authorisation is granted by an 'authorised officer' (an agency official), not a court or independent judicial body, allowing government access to telecommunications data without judicial warrant.",https://www.legislation.gov.au/C2004A02124/2026-08-27/2026-08-27/text/original/epub#_Toc239334027,0.85,"provision-level NEW: law known, s.179 not cited by baseline",English
Australia,Surveillance Devices Act 2004,"No. 152, 2004",2026,7.5,s.39(3C),NEW,"Part 4 — Use of certain surveillance devices without warrant, s.39","a law enforcement officer may, with the written permission of an appropriate authorising officer, use a tracking device without a warrant to obtain information relating to the person","Allows government access to personal (location/tracking) data without a court order/warrant, only internal authorising officer permission needed - non-judicial authorization.",https://www.legislation.gov.au/C2004A01387/2026-08-27/2026-08-27/text/original/epub#_Toc239323364,0.85,instrument-level NEW: no law match in cell,English
Australia,Surveillance Devices Act 2004,"No. 152, 2004",2026,7.5,s.30(1A),NEW,"Part 3 — Emergency authorisations, s.30",the law enforcement officer may apply to an appropriate authorising officer for an emergency authorisation for access to data held in the target computer,"Emergency access to data authorized by an 'appropriate authorising officer' (not a court/judge), bypassing judicial warrant in urgent circumstances.",https://www.legislation.gov.au/C2004A01387/2026-08-27/2026-08-27/text/original/epub#_Toc239323351,0.85,instrument-level NEW: no law match in cell,English
Australia,Privacy (Credit Reporting) Code 2024,,,6.3,n/a,KNOWN,,No provision found,No qualifying measure identified in the corpus for this indicator,https://www.oaic.gov.au/__data/assets/pdf_file/0029/242588/Privacy-Credit-Reporting-Code-2024.pdf,,no-provision row: no local data-processing or infrastructure-localization requirement found in the corpus; reproduces the 2025 baseline's own absence row for this indicator; governing law cited for reference,English
Australia,Privacy Act 1988,"No. 119, 1988",,7.4,n/a,KNOWN,,No provision found,No qualifying measure identified in the corpus for this indicator,https://www.legislation.gov.au/C2004A03712/2026-06-04/2026-06-04/text/original/epub,,no-provision row: no statutory DPO-appointment or DPIA mandate found in the corpus (guidance-only instruments are non-binding and not scored); reproduces the 2025 baseline's own absence row for this indicator; governing law cited for reference,English
