n	title	reference	stated_in_force	url	also_at	file_saved_as	fetched_on	version_date_on_document	notes	update_check
1	电信业务分类目录（2015年版）	工信部通告, 信管〔2015〕484号	2016-03-01	https://www.miit.gov.cn/zwgk/zcwj/wjfb/tg/art/2020/art_e98406cd89844f7e92ea1bcf3b5301e0.html		工业和信息化部关于发布《电信业务分类目录（2015年版）》的通告.html + 4564599.doc	2026-09-22	2015-12-28	**The saved page is the 1-page 通告 wrapper only — the catalogue itself is the attachment and is NOT yet saved.** The classification this defines is what telecom licensing and the foreign-investment caps are written against.	by hand — 403 to any honest client; walk the index and compare (tools/manual_check.py)
2	电信业务分类目录 修订公告	工信部, no number printed	2019-06-06	https://www.miit.gov.cn/zwgk/zcwj/wjfb/tg/art/2020/art_b6a54a60f9c6471cb3a996106fc09cd5.html	https://hca.miit.gov.cn/bsfw/bszn/art/2020/art_c9f7cfd956c44898b0d347fd11c6b7ef.html	not taken	2026-09-22		**Read by the developer 2026-09-22 and not taken**: a short amending notice, no standalone text worth storing. The row stays as the evidence that the 2015 catalogue has been amended, so row 1 is not the last word on the classification. If an indicator turns on the current list of telecom service categories, check this amendment's date against row 1.	by hand — 403 to any honest client; walk the index and compare (tools/manual_check.py)
3	电信业务经营许可管理办法	工信部令第42号	2017-09-01	https://www.miit.gov.cn/zwgk/zcwj/flfg/art/2020/art_ad4a7f072a5e4e2aab49b7817c49f5a6.html	https://www.gov.cn/gongbao/content/2017/content_5240090.htm	mirror_permitted/	2026-09-22		A machine-readable copy was fetched 2026-09-22 from a host that permits us, into `mirror_permitted/` — use it for extraction; the printed PDF has no text layer. gov.cn 公报 2017年第32号. · page 发布时间 2017-07-13 (MIIT's load date, not the 施行 date, for the 2009 entries).	by hand — 403 to any honest client; walk the index and compare (tools/manual_check.py)
4	增值电信业务扩大对外开放试点通告	工信部 通信函〔2024〕107号	发布 2024-04-10, pilot from 2024-10-23	https://www.miit.gov.cn/zwgk/zcwj/wjfb/tg/art/2024/art_2326271e1b424e09b6e5924ad2948863.html	https://www.gov.cn/zhengce/zhengceku/202404/content_6944441.htm	mirror_permitted/	2026-09-22	2024-04-08	A machine-readable copy was fetched 2026-09-22 from a host that permits us, into `mirror_permitted/` — use it for extraction; the printed PDF has no text layer. gov.cn 政策库. · **The attachment 5c398398….pdf is the 试点方案 itself and HAS a text layer** (3 pages): it removes the foreign equity cap on IDC, CDN, ISP and online data processing inside the pilot zones — pillar 7. The wrapper page:	by hand — 403 to any honest client; walk the index and compare (tools/manual_check.py)
5	互联网域名管理办法	工信部令第43号	2017-11-01	https://www.miit.gov.cn/zwgk/zcwj/flfg/art/2017/art_43ec3819b2d04a31ad2c1c81c3f6100b.html	https://domain.miit.gov.cn/policydoc/互联网域名管理办法.pdf	互联网域名管理办法.pdf	2026-09-22	2017-11-01	already held: in the CAC set (auto/cac). No download needed · Also held in the CAC set (auto/cac); saved here too as MIIT's own copy. NO TEXT LAYER — printed with 'Microsoft Print to PDF', every glyph is a vector outline; unreadable to extraction. Re-save with the browser's own 'Save as PDF'	by hand — 403 to any honest client; walk the index and compare (tools/manual_check.py)
6	关于规范互联网信息服务使用域名的通知	工信部信管〔2017〕264号	2018-01-01	https://www.miit.gov.cn/jgsj/xgj/hlwgl/art/2020/art_f4e6b2b5bc6b400ea35b5d7294a960bd.html	https://www.cac.gov.cn/2017-11/30/c_1122037113.htm	mirror_permitted/	2026-09-22	2017-11-01	A machine-readable copy was fetched 2026-09-22 from a host that permits us, into `mirror_permitted/` — use it for extraction; the printed PDF has no text layer. CAC's copy.	by hand — 403 to any honest client; walk the index and compare (tools/manual_check.py)
7	电信设备进网管理办法	信息产业部令第11号, 修订 工信部令第28号 (2014) 及 第68号 (2024-01-18)	现行有效	https://www.miit.gov.cn/zcfg/xxtxl/art/2024/art_773927399a0a4864b47dfab2ba120302.html	https://www.gov.cn/gongbao/2024/issue_11286/202404/content_6945590.html	not taken			**NOT COLLECTED, 2026-09-22.** The 2024 令68 consolidated text was not taken; what is held is the 2014 令28 text (row 32), which is superseded. · 	by hand — 403 to any honest client; walk the index and compare (tools/manual_check.py)
8	实行进网许可制度的电信设备目录	工信部, no standing 公告 number	动态调整	https://jwxk.miit.gov.cn/networkGuide/DeviceDirectory	https://www.miit.gov.cn/zwgk/zcwj/wjfb/tg/art/2023/art_f5ced4d394724181888e58b12f67a5fb.html	not taken	2026-09-22		**Not collected, 2026-09-22.** The list of which equipment needs the licence; the 办法 itself answers the indicators.	by hand — 403 to any honest client; walk the index and compare (tools/manual_check.py)
9	无线电发射设备管理规定	工信部令第57号	2023-07-01	https://www.miit.gov.cn/jgsj/wgj/bmgz/art/2023/art_c504af4beeb944fba57e618140959213.html	https://www.gov.cn/gongbao/content/2023/content_5745288.htm	not taken	2026-09-22		**Not collected, 2026-09-22.** Conformity-assessment detail; 10.2 and 11.3 are answered by 电信设备进网管理办法.	by hand — 403 to any honest client; walk the index and compare (tools/manual_check.py)
10	深化电信基础设施共建共享 促进双千兆网络高质量发展实施意见	十四部门, 工信部联通信〔2023〕59号	2023-05-25	https://www.miit.gov.cn/jgsj/txs/gzdt/art/2023/art_cd5706ee0fd8417492e42305337c0f6a.html	https://www.gov.cn/lianbo/bumen/202305/content_6876197.htm https://www.gov.cn/zhengce/202305/content_6876201.htm	not taken	2026-09-22		**Declined by the developer 2026-09-22.** Not collected. Indicator 5.1 has no other source in this corpus.	by hand — 403 to any honest client; walk the index and compare (tools/manual_check.py)
11	关于推进电信基础设施共建共享的紧急通知	工信部+国资委 工信部联通〔2008〕235号	有效	https://shca.miit.gov.cn/zwgk/zcwj/wjfb/art/2022/art_513b35989fc946b1bc99491ce63d8a33.html		not taken	2026-09-22		**Declined by the developer 2026-09-22.** The 2008 predecessor of the 2023 意见, also declined.	by hand — 403 to any honest client; walk the index and compare (tools/manual_check.py)
12	关于清理规范互联网网络接入服务市场的通知	工信部信管函〔2017〕32号	lapsed 2019-03-31	https://www.miit.gov.cn/zwgk/zcwj/wjfb/tz/art/2017/art_a940645e940946e1a62cd6c90a4e994e.html	https://www.miit.gov.cn/jgsj/xgj/wjfb/art/2020/art_3073250621c04c07b04ee748cc9eb180.html https://www.miit.gov.cn/zwgk/zcjd/art/2020/art_6d942fea3c824343bdd1e01f2d6e12af.html					by hand — 403 to any honest client; walk the index and compare (tools/manual_check.py)
13	工业和信息化领域数据安全管理办法（试行）	工信部网安〔2022〕166号	2023-01-01	https://www.miit.gov.cn/zwgk/zcwj/wjfb/tz/art/2022/art_e0f06662e37140808d43d7735e9d9fd3.html	https://www.gov.cn/zhengce/zhengceku/2022-12/14/content_5731918.htm	mirror_permitted/	2026-09-22	2023-01-01	A machine-readable copy was fetched 2026-09-22 from a host that permits us, into `mirror_permitted/` — use it for extraction; the printed PDF has no text layer. gov.cn 政策库.	by hand — 403 to any honest client; walk the index and compare (tools/manual_check.py)
14	中华人民共和国无线电频率划分规定	MIIT, 2018-04-18	2018	https://www.miit.gov.cn/zwgk/zcwj/flfg/art/2020/art_ac0745b4d9cb4b298360f07024591279.html	from the flfg triage, 2026-09-22	6175308.doc	2026-09-22	2018-07-01	**THE HELD TEXT IS SUPERSEDED.** The State Council Gazette (2023年第23号) carries 工信部令第62号, adopted 2023-04-26, published 2023-05-23, in force 2023-07-01, replacing the 2018 令46 we hold. MIIT's 法律法规 list shows only 2018-04-18 because it stops at 2022-01-29. The new text is in `mirror_permitted/` and is machine-readable. The 2018 files are kept as history (rule 6). · page 发布时间 2018-04-18 (MIIT's load date, not the 施行 date, for the 2009 entries). the .doc attachment is the real text: 230 pages, 144,302 words, 施行 2018-07-01, repealing 令26 of 2013-11-28. It HAS a text layer. The PDF is the 2-page wrapper.	by hand — 403 to any honest client; walk the index and compare (tools/manual_check.py)
15	通信建设工程质量监督管理规定 (optional)	MIIT, 2018-05-17	2018	https://www.miit.gov.cn/zc/wjxzfl/flfg/index.html	from the flfg triage; not an index measure					by hand — 403 to any honest client; walk the index and compare (tools/manual_check.py)
16	工业和信息化部令第51号 (open to check)	MIIT 令51, 2019-01-07		https://www.miit.gov.cn/zc/wjxzfl/flfg/index.html	title shows only the number					by hand — 403 to any honest client; walk the index and compare (tools/manual_check.py)
17	通信网络安全防护管理办法	MIIT		https://www.miit.gov.cn/zwgk/zcwj/flfg/art/2020/art_725c830e76424f8385f2e3eea00a294f.html	from the flfg triage, tier 1 · 7.2	通信网络安全防护管理办法.html	2026-09-22		page 发布时间 2010-02-03 (MIIT's load date, not the 施行 date, for the 2009 entries).	by hand — 403 to any honest client; walk the index and compare (tools/manual_check.py)
18	电话用户真实身份信息登记规定	MIIT		https://www.miit.gov.cn/zwgk/zcwj/flfg/art/2020/art_07ad6d8e69cd4d5ba8b307b37c1aa093.html	from the flfg triage, tier 1 · 8.3	《电话用户真实身份信息登记规定》.pdf	2026-09-22		page 发布时间 2013-07-19 (MIIT's load date, not the 施行 date, for the 2009 entries). NO TEXT LAYER — printed with 'Microsoft Print to PDF', every glyph is a vector outline; unreadable to extraction. Re-save with the browser's own 'Save as PDF'	by hand — 403 to any honest client; walk the index and compare (tools/manual_check.py)
19	国际通信出入口局管理办法	MIIT		https://www.miit.gov.cn/zwgk/zcwj/flfg/art/2020/art_d2e6413bdee34101ae03be9dc67100be.html	from the flfg triage, tier 1 · 9.1, 5.x	国际通信出入口局管理办法.html	2026-09-22		page 发布时间 2009-03-05 (MIIT's load date, not the 施行 date, for the 2009 entries).	by hand — 403 to any honest client; walk the index and compare (tools/manual_check.py)
20	公用电信网间互联管理规定	MIIT		https://www.miit.gov.cn/zwgk/zcwj/flfg/art/2020/art_47a190d36aef4e82a1efd6082e05ea39.html	from the flfg triage, tier 1 · 5.x	公用电信网间互联管理规定.html	2026-09-22		page 发布时间 2014-09-29 (MIIT's load date, not the 施行 date, for the 2009 entries).	by hand — 403 to any honest client; walk the index and compare (tools/manual_check.py)
21	无线电频率使用许可管理办法	MIIT		https://www.miit.gov.cn/zwgk/zcwj/flfg/art/2020/art_cf8ae59938a142c1bd64d6bc21f76a2e.html	from the flfg triage, tier 1 · 5.5	无线电频率使用许可管理办法.html	2026-09-22		page 发布时间 2017-07-13 (MIIT's load date, not the 施行 date, for the 2009 entries).	by hand — 403 to any honest client; walk the index and compare (tools/manual_check.py)
22	电子认证服务管理办法	MIIT		https://www.miit.gov.cn/zwgk/zcwj/flfg/art/2020/art_79e49c1b615442f9b8ab31c604275d79.html	from the flfg triage, tier 1 · 12.x	电子认证服务管理办法.html	2026-09-22		page 发布时间 2015-05-13 (MIIT's load date, not the 施行 date, for the 2009 entries).	by hand — 403 to any honest client; walk the index and compare (tools/manual_check.py)
23	电信网码号资源管理办法	MIIT		https://www.miit.gov.cn/zwgk/zcwj/flfg/art/2020/art_f18eb1797cd24fd0ac2aac76ff1704fd.html	from the flfg triage, tier 1 · 5.x	电信网码号资源管理办法.pdf	2026-09-22		**HELD BUT NOT USABLE, 2026-09-22.** The only copy is the printed PDF, which carries no text layer, so extraction gets nothing from it: for stage 2 this document is absent. Kept as served and flagged rather than deleted (rule 6). One Ctrl+S on its page closes the gap. · page 发布时间 2014-09-29 (MIIT's load date, not the 施行 date, for the 2009 entries). NO TEXT LAYER — printed with 'Microsoft Print to PDF', every glyph is a vector outline; unreadable to extraction. Re-save with the browser's own 'Save as PDF'	by hand — 403 to any honest client; walk the index and compare (tools/manual_check.py)
24	互联网IP地址备案管理办法	MIIT		https://www.miit.gov.cn/zwgk/zcwj/flfg/art/2020/art_2a53e99c4b204e2988dede23bdd23b40.html	from the flfg triage, tier 2	互联网IP地址备案管理办法.html	2026-09-22		page 发布时间 2009-03-06 (MIIT's load date, not the 施行 date, for the 2009 entries).	by hand — 403 to any honest client; walk the index and compare (tools/manual_check.py)
25	互联网电子邮件服务管理办法	MIIT		https://www.miit.gov.cn/zwgk/zcwj/flfg/art/2020/art_fcdb58d9dd4341be8bd8b829cf9a9159.html	from the flfg triage, tier 2	互联网电子邮件服务管理办法.html	2026-09-22		page 发布时间 2009-03-11 (MIIT's load date, not the 施行 date, for the 2009 entries).	by hand — 403 to any honest client; walk the index and compare (tools/manual_check.py)
26	通信短信息服务管理规定	MIIT		https://www.miit.gov.cn/zwgk/zcwj/flfg/art/2020/art_77bc7219833c4a08b4563ba42ad23e1f.html	from the flfg triage, tier 2	mirror_permitted/	2026-09-22		**THE HELD TEXT IS SUPERSEDED.** The State Council Gazette (2026年第15号) carries 工信部令第74号, adopted 2025-12-01, published 2026-02-09, in force **2026-05-01** — four months ago. We hold the 2015 text. The new text is in `mirror_permitted/` and is machine-readable. The 2015 files are kept as history (rule 6). · page 发布时间 2015-05-28 (MIIT's load date, not the 施行 date, for the 2009 entries).	by hand — 403 to any honest client; walk the index and compare (tools/manual_check.py)
27	国际通信设施建设管理规定	MIIT		https://www.miit.gov.cn/zwgk/zcwj/flfg/art/2020/art_ed10f9264b664c1b9a1e251dc3e27634.html	from the flfg triage, tier 2	国际通信设施建设管理规定.html + 国际通信设施建设管理规定.pdf	2026-09-22		page 发布时间 2009-03-05 (MIIT's load date, not the 施行 date, for the 2009 entries). NO TEXT LAYER — printed with 'Microsoft Print to PDF', every glyph is a vector outline; unreadable to extraction. Re-save with the browser's own 'Save as PDF'	by hand — 403 to any honest client; walk the index and compare (tools/manual_check.py)
28	卫星移动通信系统终端地球站管理办法	MIIT		https://www.miit.gov.cn/zwgk/zcwj/flfg/art/2020/art_f98db111ded147648638c62ff7beaa59.html	from the flfg triage, tier 2	卫星移动通信系统终端地球站管理办法.html	2026-09-22		page 发布时间 2011-05-03 (MIIT's load date, not the 施行 date, for the 2009 entries).	by hand — 403 to any honest client; walk the index and compare (tools/manual_check.py)
29	建立卫星通信网和设置使用地球站管理规定	MIIT		https://www.miit.gov.cn/zwgk/zcwj/flfg/art/2020/art_1158ea23afd34c5bbb302912af8eb8e8.html	from the flfg triage, tier 2	建立卫星通信网和设置使用地球站管理规定.html	2026-09-22		page 发布时间 2009-03-12 (MIIT's load date, not the 施行 date, for the 2009 entries).	by hand — 403 to any honest client; walk the index and compare (tools/manual_check.py)
30	电信网间互联争议处理办法	MIIT		https://www.miit.gov.cn/zwgk/zcwj/flfg/art/2020/art_d5c194d8878b4ef7a2dce5c0a7244ca4.html	from the flfg triage, tier 2	电信网间互联争议处理办法.html	2026-09-22		page 发布时间 2009-02-23 (MIIT's load date, not the 施行 date, for the 2009 entries).	by hand — 403 to any honest client; walk the index and compare (tools/manual_check.py)
31	电信用户申诉处理办法	MIIT		https://www.miit.gov.cn/zwgk/zcwj/flfg/art/2020/art_b2e4b04d28f84f0d8c11e76c2b5c650a.html	from the flfg triage, tier 2	电信用户申诉处理办法.html	2026-09-22		page 发布时间 2016-06-02 (MIIT's load date, not the 施行 date, for the 2009 entries).	by hand — 403 to any honest client; walk the index and compare (tools/manual_check.py)
32	电信设备进网管理办法（2014 修订, 工信部令第28号）	工信部令第28号		https://www.miit.gov.cn/zwgk/zcwj/flfg/art/2020/art_40167afc92c04d7d9782352e3edd4c12.html		电信设备进网管理办法.pdf	2026-09-22	2014-09-29	this is the text the 法律法规 list serves. SUPERSEDED by 令68 of 2024-01-18 — row 7, still to get. Kept as history, not as the text in force. NO TEXT LAYER — printed with 'Microsoft Print to PDF', every glyph is a vector outline; unreadable to extraction. Re-save with the browser's own 'Save as PDF'	by hand — 403 to any honest client; walk the index and compare (tools/manual_check.py)
33	中华人民共和国无线电频率划分规定（工信部令第62号, the text in force）	工信部令第62号	yes			6175308.doc	2026-09-22	2023-07-01	Found by the State Council Gazette copy, not by MIIT's own list. Fetched from gov.cn, which permits us. **The gazette gives the text as issued** — check MIIT for a consolidated version before relying on it.	by hand — 403 to any honest client; walk the index and compare (tools/manual_check.py)
34	通信短信息服务管理规定（工信部令第74号, the text in force）	工信部令第74号	yes			mirror_permitted/	2026-09-22	2026-05-01	Found by the State Council Gazette copy, not by MIIT's own list. Fetched from gov.cn, which permits us. **The gazette gives the text as issued** — check MIIT for a consolidated version before relying on it.	by hand — 403 to any honest client; walk the index and compare (tools/manual_check.py)
