n,category,title,published,doc_number,effective,chars,has_articles,attachments,url,file,fetched
1,政策文件,数字乡村高质量发展行动计划（2026—2030年）,2026-09-11,,,4574,False,,https://www.cac.gov.cn/2026-09/11/c_1790876575309197.htm,数字乡村高质量发展行动计划-2026-2030年-6a6203d4,2026-09-21T00:39:38
2,政策文件,促进数字化绿色化协同转型发展实施方案（2026-2030年）,2026-09-04,,,4806,False,,https://www.cac.gov.cn/2026-09/04/c_1790271981772781.htm,促进数字化绿色化协同转型发展实施方案-2026-2030年-d4cf985a,2026-09-21T00:39:44
3,政策文件,促进网信企业高质量发展行动计划（2026-2030年）,2026-08-21,,,5108,False,,https://www.cac.gov.cn/2026-08/21/c_1789061449039952.htm,促进网信企业高质量发展行动计划-2026-2030年-11455e59,2026-09-21T00:39:51
4,政策文件,深化互联网协议第六版（IPv6）技术创新和融合应用实施方案（2026—2030年）,2026-07-21,,,4965,False,,https://www.cac.gov.cn/2026-07/21/c_1786380789858394.htm,深化互联网协议第六版-IPv6-技术创新和融合应用实施方案-2026-2030年-38f24332,2026-09-21T00:39:57
5,政策文件,《深化互联网协议第六版（IPv6）技术创新和融合应用实施方案（2026—2030年）》答记者问,2026-07-21,,,2900,False,,https://www.cac.gov.cn/2026-07/21/c_1786380790538547.htm,深化互联网协议第六版-IPv6-技术创新和融合应用实施方案-2026-2030年-答记者问-8d0b8ea6,2026-09-21T00:40:06
6,政策文件,智能体规范应用与创新发展实施意见,2026-05-08,,,5528,False,,https://www.cac.gov.cn/2026-05/08/c_1779979789523320.htm,智能体规范应用与创新发展实施意见-1950029d,2026-09-21T00:40:13
7,政策文件,国务院关于深入实施“人工智能+”行动的意见,2025-08-27,〔2025〕11号,,5008,False,,https://www.cac.gov.cn/2025-08/27/c_1758018277755538.htm,国务院关于深入实施-人工智能-行动的意见-c6b28505,2026-09-21T00:40:19
8,政策文件,关于进一步加强网络侵权信息举报工作的指导意见,2023-09-15,,,4808,False,,https://www.cac.gov.cn/2023-09/15/c_1696347685563097.htm,关于进一步加强网络侵权信息举报工作的指导意见-64f2523a,2026-09-21T00:40:26
9,政策文件,关于印发《关于加强网络直播规范管理工作的指导意见》的通知,2021-02-09,〔2021〕3号,,3407,False,,https://www.cac.gov.cn/2021-02/09/c_1614442843753738.htm,关于印发-关于加强网络直播规范管理工作的指导意见-的通知-9c44da1b,2026-09-21T00:40:35
10,政策文件,关于印发《App违法违规收集使用个人信息行为认定方法》的通知,2019-12-30,〔2019〕191号,,2111,False,,https://www.cac.gov.cn/2019-12/27/c_1578986455686625.htm,关于印发-App违法违规收集使用个人信息行为认定方法-的通知-448a5107,2026-09-21T00:40:42
11,政策文件,关于不再指导企业主办的商业性网络安全会议、竞赛活动的通知,2019-07-26,〔2018〕8号,,330,False,,https://www.cac.gov.cn/2019-07/26/c_1124802764.htm,关于不再指导企业主办的商业性网络安全会议-竞赛活动的通知-c535fbee,2026-09-21T00:40:50
12,政策文件,关于推动资本市场服务网络强国建设的指导意见,2018-04-13,〔2018〕3号,,2480,False,,https://www.cac.gov.cn/2018-04/13/c_1122676837.htm,关于推动资本市场服务网络强国建设的指导意见-1582acb6,2026-09-21T00:40:56
13,政策文件,关于加强国家网络安全标准化工作的若干意见,2016-08-22,〔2016〕5号,,2838,False,,https://www.cac.gov.cn/2016-08/22/c_1119430337.htm,关于加强国家网络安全标准化工作的若干意见-e7ce052c,2026-09-21T00:41:04
14,政策文件,关于变更互联网新闻信息服务单位审批备案和外国机构在中国境内提供金融信息服务业务审批实施机关的通知,2014-05-10,,,464,False,,https://www.cac.gov.cn/2014-05/10/c_1115147984.htm,关于变更互联网新闻信息服务单位审批备案和外国机构在中国境内提供金融信息服务业务审批实施机关的通知-87b577b4,2026-09-21T00:41:10
15,政策文件,关于加强党政机关网站安全管理的通知,2014-05-10,,,3954,False,,https://www.cac.gov.cn/2014-05/10/c_1112142115.htm,关于加强党政机关网站安全管理的通知-758e4991,2026-09-21T00:41:16
16,规范性文件,金融产品网络营销管理办法,2026-04-24,〔2026〕第9号,2026年9月30日,7239,True,,https://www.cac.gov.cn/2026-04/24/c_1778769008779432.htm,金融产品网络营销管理办法-c5d4ab15,2026-09-21T00:41:25
17,规范性文件,关于印发《未成年人用户数量巨大和对未成年人群体具有显著影响的网络平台服务提供者认定办法》的通知,2026-02-28,〔2026〕2号,,1994,True,,https://www.cac.gov.cn/2026-02/28/c_1774010730056867.htm,关于印发-未成年人用户数量巨大和对未成年人群体具有显著影响的网络平台服务提供者认定办法-的通知-4d81c621,2026-09-21T00:41:32
18,规范性文件,国务院办公厅关于印发《政务移动互联网应用程序规范化管理办法》的通知,2026-01-28,〔2026〕12号,,3112,True,,https://www.cac.gov.cn/2026-01/28/c_1771330044357878.htm,国务院办公厅关于印发-政务移动互联网应用程序规范化管理办法-的通知-7169311b,2026-09-21T00:41:39
19,规范性文件,关于印发《可能影响未成年人身心健康的网络信息分类办法》的通知,2026-01-23,〔2025〕5号,2026年3月1日,2517,True,,https://www.cac.gov.cn/2026-01/23/c_1770728781060093.htm,关于印发-可能影响未成年人身心健康的网络信息分类办法-的通知-2575a8c6,2026-09-21T00:41:47
20,规范性文件,国家网络安全事件报告管理办法,2025-09-15,,,4077,True,,https://www.cac.gov.cn/2025-09/15/c_1759583017717009.htm,国家网络安全事件报告管理办法-03bb6caf,2026-09-21T00:41:54
21,规范性文件,关于印发《终端设备直连卫星服务管理规定》的通知,2025-04-30,〔2025〕1号,,5017,True,,https://www.cac.gov.cn/2025-04/30/c_1747719075774684.htm,关于印发-终端设备直连卫星服务管理规定-的通知-6c6156d3,2026-09-21T00:42:02
22,规范性文件,关于印发《人工智能生成合成内容标识办法》的通知,2025-03-14,〔2025〕2号,,2393,True,,https://www.cac.gov.cn/2025-03/14/c_1743654684782215.htm,关于印发-人工智能生成合成内容标识办法-的通知-1df4715b,2026-09-21T00:42:12
23,规范性文件,关于印发《互联网军事信息传播管理办法》的通知,2025-02-08,〔2025〕26号,,7615,True,,https://www.cac.gov.cn/2025-02/08/c_1740714184323988.htm,关于印发-互联网军事信息传播管理办法-的通知-3f60a17b,2026-09-21T00:42:19
24,规范性文件,工业和信息化部 国家互联网信息办公室关于进一步规范移动智能终端应用软件预置行为的通告,2022-12-14,〔2022〕269号,,905,False,,https://www.cac.gov.cn/2022-12/14/c_1672656825925035.htm,工业和信息化部-国家互联网信息办公室关于进一步规范移动智能终端应用软件预置行为的通告-da6cd6fa,2026-09-21T00:42:28
25,规范性文件,关于实施个人信息保护认证的公告,2022-11-18,,,278,False,,https://www.cac.gov.cn/2022-11/18/c_1670399936658129.htm,关于实施个人信息保护认证的公告-ec3eed7d,2026-09-21T00:42:35
26,规范性文件,互联网跟帖评论服务管理规定,2022-11-16,,,2246,True,,https://www.cac.gov.cn/2022-11/16/c_1670253725725039.htm,互联网跟帖评论服务管理规定-35b0a1b1,2026-09-21T00:42:43
27,规范性文件,互联网弹窗信息推送服务管理规定,2022-09-09,,,1542,True,,https://www.cac.gov.cn/2022-09/08/c_1664260384702890.htm,互联网弹窗信息推送服务管理规定-f7b9eeed,2026-09-21T00:42:50
28,规范性文件,移动互联网应用程序信息服务管理规定,2022-06-14,,,3498,True,,https://www.cac.gov.cn/2022-06/14/c_1656821626455324.htm,移动互联网应用程序信息服务管理规定-f2f8543c,2026-09-21T00:42:55
29,规范性文件,国家互联网信息办公室关于开展境内金融信息服务报备工作的通知,2022-01-28,,,2705,False,,https://www.cac.gov.cn/2022-01/28/c_1644970476680085.htm,国家互联网信息办公室关于开展境内金融信息服务报备工作的通知-e4267ea2,2026-09-21T00:43:03
30,规范性文件,关于印发《常见类型移动互联网应用程序必要个人信息范围规定》的通知,2021-03-22,〔2021〕14号,,4047,True,,https://www.cac.gov.cn/2021-03/22/c_1617990997054277.htm,关于印发-常见类型移动互联网应用程序必要个人信息范围规定-的通知-64a318c4,2026-09-21T00:43:10
31,规范性文件,互联网用户公众账号信息服务管理规定,2021-01-22,,,4437,True,,https://www.cac.gov.cn/2021-01/22/c_1612887880656609.htm,互联网用户公众账号信息服务管理规定-b5b646e2,2026-09-21T00:43:17
32,规范性文件,关于印发《网络音视频信息服务管理规定》的通知,2019-12-20,〔2019〕3号,,2622,True,,https://www.cac.gov.cn/2019-11/29/c_1576561820967678.htm,关于印发-网络音视频信息服务管理规定-的通知-ced69259,2026-09-21T00:43:25
33,规范性文件,国家互联网信息办公室 国家发展和改革委员会 工业和信息化部 财政部关于发布《云计算服务安全评估办法》的公告,2019-07-22,第2号,,1798,True,,https://www.cac.gov.cn/2019-07/22/c_1124781475.htm,国家互联网信息办公室-国家发展和改革委员会-工业和信息化部-财政部关于发布-云计算服务安全评估办法-的公告-10371131,2026-09-21T00:43:31
34,规范性文件,微博客信息服务管理规定,2018-02-02,,,1913,True,,https://www.cac.gov.cn/2018-02/02/c_1122358726.htm,微博客信息服务管理规定-118885c2,2026-09-21T00:43:37
35,规范性文件,互联网新闻信息服务单位内容管理从业人员管理办法,2017-10-30,,,2472,True,,https://www.cac.gov.cn/2017-10/30/c_1121877917.htm,互联网新闻信息服务单位内容管理从业人员管理办法-1f5e10f3,2026-09-21T00:43:46
36,规范性文件,互联网新闻信息服务新技术新应用安全评估管理规定,2017-10-30,,,2443,True,,https://www.cac.gov.cn/2017-10/30/c_1121878049.htm,互联网新闻信息服务新技术新应用安全评估管理规定-c5caf598,2026-09-21T00:43:52
37,规范性文件,互联网群组信息服务管理规定,2017-09-07,,,1836,True,,https://www.cac.gov.cn/2017-09/07/c_1121623889.htm,互联网群组信息服务管理规定-0531347c,2026-09-21T00:43:58
38,规范性文件,互联网论坛社区服务管理规定,2017-08-25,,2017年10月1日,1401,True,,https://www.cac.gov.cn/2017-08/25/c_1121541921.htm,互联网论坛社区服务管理规定-1cd24eef,2026-09-21T00:44:06
39,规范性文件,互联网新闻信息服务许可管理实施细则,2017-05-22,,,3957,True,,https://www.cac.gov.cn/2017-05/22/c_1121015789.htm,互联网新闻信息服务许可管理实施细则-223a3611,2026-09-21T00:44:14
40,规范性文件,互联网直播服务管理规定,2016-11-04,,,2408,True,,https://www.cac.gov.cn/2016-11/04/c_1119847629.htm,互联网直播服务管理规定-817f64e8,2026-09-21T00:44:21
41,规范性文件,互联网信息搜索服务管理规定,2016-06-25,,2016年8月1日,1077,True,,https://www.cac.gov.cn/2016-06/25/c_1119109085.htm,互联网信息搜索服务管理规定-98ad2635,2026-09-21T00:44:29
42,规范性文件,互联网新闻信息服务单位约谈工作规定,2015-04-28,,2015年6月1日,1304,True,,https://www.cac.gov.cn/2015-04/28/c_1115112600.htm,互联网新闻信息服务单位约谈工作规定-9c575edd,2026-09-21T00:44:35
43,规范性文件,互联网危险物品信息发布管理规定,2015-02-16,〔2015〕5号,,3414,True,,https://www.cac.gov.cn/2015-02/16/c_1114390709.htm,互联网危险物品信息发布管理规定-9e57e746,2026-09-21T00:44:42
44,规范性文件,互联网用户账号名称管理规定,2015-02-04,,,1120,True,,https://www.cac.gov.cn/2015-02/04/c_1114246561.htm,互联网用户账号名称管理规定-f3d10685,2026-09-21T00:44:49
45,规范性文件,即时通信工具公众信息服务发展管理暂行规定,2014-08-07,,,1231,True,,https://www.cac.gov.cn/2014-08/07/c_1111983456.htm,即时通信工具公众信息服务发展管理暂行规定-e5bbb77b,2026-09-21T00:44:56
46,法律,​中华人民共和国网络安全法,2025-12-29,,,11055,True,,https://www.cac.gov.cn/2025-12/29/c_1768735112911946.htm,中华人民共和国网络安全法-b1ad0517,2026-09-21T00:45:03
47,法律,中华人民共和国个人信息保护法,2021-08-20,,,9396,True,,https://www.cac.gov.cn/2021-08/20/c_1631050028355286.htm,中华人民共和国个人信息保护法-ec116706,2026-09-21T00:45:11
48,法律,中华人民共和国数据安全法,2021-06-11,,,5660,True,,https://www.cac.gov.cn/2021-06/11/c_1624994566919140.htm,中华人民共和国数据安全法-063c377d,2026-09-21T00:45:18
49,法律,中华人民共和国密码法（2019年10月26日第十三届全国人民代表大会常务委员会第十四次会议通过 ）,2019-10-27,,,5132,True,,https://www.cac.gov.cn/2019-10/27/c_1573711980953641.htm,中华人民共和国密码法-2019年10月26日第十三届全国人民代表大会常务委员会第十四次会议通过-d28a6673,2026-09-21T00:45:25
50,法律,中华人民共和国电子商务法,2018-09-01,,,5161,True,,https://www.cac.gov.cn/2018-09/01/c_1123362506.htm,中华人民共和国电子商务法-22d19a17,2026-09-21T00:45:32
51,法律,全国人民代表大会常务委员会关于加强网络信息保护的决定,2012-12-29,,,1343,False,,https://www.cac.gov.cn/2012-12/29/c_133353262.htm,全国人民代表大会常务委员会关于加强网络信息保护的决定-5aebfcfd,2026-09-21T00:45:38
52,法律,中华人民共和国电子签名法,2004-08-28,第18号,2005年4月1日,4086,True,,https://www.cac.gov.cn/2004-08/28/c_126468489.htm,中华人民共和国电子签名法-551d8dd8,2026-09-21T00:45:46
53,法律,全国人民代表大会常务委员会关于维护互联网安全的决定,2000-12-29,,,1643,True,,https://www.cac.gov.cn/2000-12/29/c_133158942.htm,全国人民代表大会常务委员会关于维护互联网安全的决定-65c7f2da,2026-09-21T00:45:56
54,司法解释,最高人民法院最高人民检察院关于办理非法利用信息网络、帮助信息网络犯罪活动等刑事案件适用法律若干问题的解释,2019-10-25,〔2019〕15号,2019年11月1日,3783,True,,https://www.cac.gov.cn/2019-10/25/c_1573534999086260.htm,最高人民法院最高人民检察院关于办理非法利用信息网络-帮助信息网络犯罪活动等刑事案件适用法律若干问题的解释-07f1f43d,2026-09-21T00:46:02
55,司法解释,最高人民法院关于审理利用信息网络侵害人身权益民事纠纷案件适用法律若干问题的规定,2014-10-11,〔2014〕11号,2014年10月10日,3468,True,,https://www.cac.gov.cn/2014-10/11/c_1112781753.htm,最高人民法院关于审理利用信息网络侵害人身权益民事纠纷案件适用法律若干问题的规定-d03e7e6e,2026-09-21T00:46:09
56,司法解释,最高人民法院关于审理侵害信息网络传播权民事纠纷案件适用法律若干问题的规定,2014-10-11,〔2012〕20号,2013年1月1日,2683,True,,https://www.cac.gov.cn/2014-10/11/c_1112781468.htm,最高人民法院关于审理侵害信息网络传播权民事纠纷案件适用法律若干问题的规定-1337c86f,2026-09-21T00:46:16
57,司法解释,最高人民法院、最高人民检察院关于办理利用信息网络实施诽谤等刑事案件适用法律若干问题的解释,2013-09-07,〔2013〕21号,2013年9月10日,1678,True,,https://www.cac.gov.cn/2013-09/07/c_133142246.htm,最高人民法院-最高人民检察院关于办理利用信息网络实施诽谤等刑事案件适用法律若干问题的解释-af730a66,2026-09-21T00:46:22
58,司法解释,最高人民法院、最高人民检察院关于办理利用互联网、移动通讯终端、声讯台制作、复制、出版、贩卖、传播淫秽电子信息刑事案件具体应用法律若干问题的解释（二）,2010-02-03,〔2010〕3号,2010年2月4日,3356,True,,https://www.cac.gov.cn/2010-02/03/c_126472261.htm,最高人民法院-最高人民检察院关于办理利用互联网-移动通讯终端-声讯台制作-复制-出版-贩卖-传播淫秽电子信息刑事案件具体-4fab3d7a,2026-09-21T00:46:30
59,司法解释,最高人民法院、最高人民检察院关于办理利用互联网、移动通讯终端、声讯台制作、复制、出版、贩卖、传播淫秽电子信息刑事案件具体应用法律若干问题的解释,2004-09-30,〔2004〕11号,2004年9月6日,2051,True,,https://www.cac.gov.cn/2004-09/30/c_126472347.htm,最高人民法院-最高人民检察院关于办理利用互联网-移动通讯终端-声讯台制作-复制-出版-贩卖-传播淫秽电子信息刑事案件具体-302dd1db,2026-09-21T00:46:36
60,部门规章,小型个人信息处理者个人信息保护简化措施规定,2026-07-24,第25号,2026年9月1日,4318,True,,https://www.cac.gov.cn/2026-07/24/c_1786638889704872.htm,小型个人信息处理者个人信息保护简化措施规定-8ef522eb,2026-09-21T00:46:43
61,部门规章,网络数据安全风险评估办法,2026-06-18,第24号,2026年8月20日,2979,True,,https://www.cac.gov.cn/2026-06/18/c_1783525609815499.htm,网络数据安全风险评估办法-68839bad,2026-09-21T00:46:51
62,部门规章,互联网信息内容多渠道分发服务管理规定,2026-05-29,第23号,2026年9月1日,5700,True,,https://www.cac.gov.cn/2026-05/29/c_1781795864412597.htm,互联网信息内容多渠道分发服务管理规定-8ddd0cac,2026-09-21T00:46:58
63,部门规章,民政部 工业和信息化部 广电总局 国家新闻出版署 国家网信办关于印发《公开募捐平台服务管理办法》的通知,2026-04-30,〔2026〕14号,,1935,True,,https://www.cac.gov.cn/2026-04/30/c_1779276538655621.htm,民政部-工业和信息化部-广电总局-国家新闻出版署-国家网信办关于印发-公开募捐平台服务管理办法-的通知-a3fde4c7,2026-09-21T00:47:05
64,部门规章,民政部 工业和信息化部 国家网信办关于印发《互联网公开募捐服务平台管理办法》的通知,2026-04-30,〔2026〕13号,,4699,True,,https://www.cac.gov.cn/2026-04/30/c_1779276538353684.htm,民政部-工业和信息化部-国家网信办关于印发-互联网公开募捐服务平台管理办法-的通知-1999dcc3,2026-09-21T00:47:13
65,部门规章,人工智能拟人化互动服务管理暂行办法,2026-04-10,第21号,2026年7月15日,5063,True,,https://www.cac.gov.cn/2026-04/10/c_1777558395078289.htm,人工智能拟人化互动服务管理暂行办法-a349b592,2026-09-21T00:47:20
66,部门规章,​直播电商监督管理办法,2026-01-07,第117号,2026年2月1日,11492,True,,https://www.cac.gov.cn/2026-01/07/c_1769516655383334.htm,直播电商监督管理办法-ffaf809c,2026-09-21T00:47:27
67,部门规章,网络交易平台规则监督管理办法,2026-01-07,第116号,2026年2月1日,6095,True,,https://www.cac.gov.cn/2026-01/07/c_1769515215345420.htm,网络交易平台规则监督管理办法-01fd7b91,2026-09-21T00:47:34
68,部门规章,个人信息出境认证办法,2025-10-17,第20号,2026年1月1日,2669,True,,https://www.cac.gov.cn/2025-10/17/c_1762449728720008.htm,个人信息出境认证办法-1afead16,2026-09-21T00:47:40
69,部门规章,关键信息基础设施商用密码使用管理规定,2025-07-01,第5号,2025年8月1日,4401,True,,https://www.cac.gov.cn/2025-07/01/c_1753083518894995.htm,关键信息基础设施商用密码使用管理规定-897514e6,2026-09-21T00:47:47
70,部门规章,国家网络身份认证公共服务管理办法,2025-05-23,第173号,2025年7月15日,2688,True,,https://www.cac.gov.cn/2025-05/23/c_1749711107835487.htm,国家网络身份认证公共服务管理办法-ae6c3211,2026-09-21T00:47:55
71,部门规章,人工智能气象应用服务办法,2025-04-30,第45号,2025年6月1日,3086,True,,https://www.cac.gov.cn/2025-04/30/c_1747718893685033.htm,人工智能气象应用服务办法-0e4f684b,2026-09-21T00:48:01
72,部门规章,人脸识别技术应用安全管理办法,2025-03-21,第19号,2025年6月1日,2842,True,,https://www.cac.gov.cn/2025-03/21/c_1744174262156096.htm,人脸识别技术应用安全管理办法-d9b14244,2026-09-21T00:48:09
73,部门规章,个人信息保护合规审计管理办法,2025-02-14,第18号,2025年5月1日,7921,True,,https://www.cac.gov.cn/2025-02/14/c_1741233507681519.htm,个人信息保护合规审计管理办法-ba877f2e,2026-09-21T00:48:15
74,部门规章,网络暴力信息治理规定,2024-06-14,第17号,2024年8月1日,4670,True,,https://www.cac.gov.cn/2024-06/14/c_1720043894161555.htm,网络暴力信息治理规定-3a3b00a6,2026-09-21T00:48:25
75,部门规章,促进和规范数据跨境流动规定,2024-03-22,第16号,,2030,True,,https://www.cac.gov.cn/2024-03/22/c_1712776611775634.htm,促进和规范数据跨境流动规定-45c93df7,2026-09-21T00:48:33
76,部门规章,生成式人工智能服务管理暂行办法,2023-07-13,第15号,2023年8月15日,3609,True,,https://www.cac.gov.cn/2023-07/13/c_1690898327029107.htm,生成式人工智能服务管理暂行办法-4d0c17a9,2026-09-21T00:48:42
77,部门规章,网信部门行政执法程序规定,2023-03-23,第14号,2023年6月1日,8084,True,,https://www.cac.gov.cn/2023-03/23/c_1681211418907384.htm,网信部门行政执法程序规定-fb98d07a,2026-09-21T00:48:49
78,部门规章,个人信息出境标准合同办法,2023-02-24,第13号,2023年6月1日,1833,True,,https://www.cac.gov.cn/2023-02/24/c_1678884830036813.htm,个人信息出境标准合同办法-cf55aebc,2026-09-21T00:48:55
79,部门规章,互联网信息服务深度合成管理规定,2022-12-11,第12号,2023年1月10日,3665,True,,https://www.cac.gov.cn/2022-12/11/c_1672221949354811.htm,互联网信息服务深度合成管理规定-5ebcd221,2026-09-21T00:49:03
80,部门规章,数据出境安全评估办法,2022-07-07,第11号,2022年9月1日,3049,True,,https://www.cac.gov.cn/2022-07/07/c_1658811536396503.htm,数据出境安全评估办法-1e4eecc2,2026-09-21T00:49:11
81,部门规章,互联网用户账号信息管理规定,2022-06-27,第10号,2022年8月1日,3088,True,,https://www.cac.gov.cn/2022-06/26/c_1657868775042841.htm,互联网用户账号信息管理规定-7eeedefc,2026-09-21T00:49:19
82,部门规章,互联网信息服务算法推荐管理规定,2022-01-04,第9号,2022年3月1日,4372,True,,https://www.cac.gov.cn/2022-01/04/c_1642894606364259.htm,互联网信息服务算法推荐管理规定-8acb9350,2026-09-21T00:49:27
83,部门规章,网络安全审查办法,2022-01-04,第8号,2022年2月15日,3170,True,,https://www.cac.gov.cn/2022-01/04/c_1642894602182845.htm,网络安全审查办法-dc28c73d,2026-09-21T00:49:33
84,部门规章,汽车数据安全管理若干规定（试行）,2021-08-20,第7号,2021年10月1日,3378,True,,https://www.cac.gov.cn/2021-08/20/c_1631049984897667.htm,汽车数据安全管理若干规定-试行-cf960ab4,2026-09-21T00:49:39
85,部门规章,网络信息内容生态治理规定,2019-12-20,第5号,2020年3月1日,5149,True,,https://www.cac.gov.cn/2019-12/20/c_1578375159509309.htm,网络信息内容生态治理规定-41194d05,2026-09-21T00:49:48
86,部门规章,儿童个人信息网络保护规定,2019-10-08,第4号,2019年10月1日,2444,True,,https://www.cac.gov.cn/2019-08/23/c_1124913903.htm,儿童个人信息网络保护规定-a3c96bc4,2026-09-21T00:49:54
87,部门规章,区块链信息服务管理规定,2019-01-10,第3号,2019年2月15日,2707,True,,https://www.cac.gov.cn/2019-01/10/c_1123971164.htm,区块链信息服务管理规定-54de344c,2026-09-21T00:50:02
88,部门规章,互联网域名管理办法,2017-09-28,第43号,2017年11月1日,7499,True,,https://www.cac.gov.cn/2017-09/28/c_1121737753.htm,互联网域名管理办法-3bfa4e01,2026-09-21T00:50:10
89,部门规章,互联网信息内容管理行政执法程序规定,2017-05-02,第2号,2017年6月1日,7482,True,../../1120902931_14936980042591n.doc | ../../1120902931_14936980288921n.doc | ../../1120902931_14936980486031n.doc | ../../1120902931_14936980770221n.doc | ../../1120902931_14936980974751n.doc | ../../1120902931_14936981158531n.doc | ../../1120902931_14936981336591n.doc | ../../1120902931_14936981535231n.doc | ../../1120902931_14936981715711n.doc | ../../1120902931_14936982150191n.doc | ../../1120902931_14936982345621n.doc | ../../1120902931_14936982546351n.doc | ../../1120902931_14936982774351n.doc | ../../1120902931_14936982974431n.doc | ../../1120902931_14936983164591n.doc | ../../1120902931_14936983387461n.doc | ../../1120902931_14937021248521n.doc,https://www.cac.gov.cn/2017-05/02/c_1120902931.htm,互联网信息内容管理行政执法程序规定-c7cd1b0c,2026-09-21T00:50:16
90,部门规章,互联网新闻信息服务管理规定,2017-05-02,第1号,2017年6月1日,4016,True,,https://www.cac.gov.cn/2017-05/02/c_1120902760.htm,互联网新闻信息服务管理规定-33e23d52,2026-09-21T00:50:24
91,部门规章,网络出版服务管理规定,2016-02-15,,,8796,True,,https://www.cac.gov.cn/2016-02/15/c_1118048596.htm,网络出版服务管理规定-37c2b74b,2026-09-21T00:50:31
92,部门规章,外国机构在中国境内提供金融信息服务管理规定,2014-12-30,第7号,2009年6月1日,3044,True,,https://www.cac.gov.cn/2014-12/30/c_1113833007.htm,外国机构在中国境内提供金融信息服务管理规定-30173cdb,2026-09-21T00:50:37
93,部门规章,电信和互联网用户个人信息保护规定,2012-07-29,第24号,2013年9月1日,2803,True,,https://www.cac.gov.cn/2012-07/29/c_133142088.htm,电信和互联网用户个人信息保护规定-c75bea89,2026-09-21T00:50:43
94,部门规章,规范互联网信息服务市场秩序若干规定,2011-12-30,第20号,2012年3月15日,2954,True,,https://www.cac.gov.cn/2011-12/30/c_1111550424.htm,规范互联网信息服务市场秩序若干规定-4b73e01c,2026-09-21T00:50:51
95,部门规章,互联网文化管理暂行规定,2011-02-18,第51号,2011年4月1日,5284,True,,https://www.cac.gov.cn/2011-02/18/c_1112139873.htm,互联网文化管理暂行规定-ade5502b,2026-09-21T00:51:00
96,部门规章,互联网视听节目服务管理规定,2007-12-21,第56号,2008年1月31日,6029,True,,https://www.cac.gov.cn/2007-12/21/c_1112139286.htm,互联网视听节目服务管理规定-83ca8254,2026-09-21T00:51:08
97,部门规章,互联网等信息网络传播视听节目管理办法,2004-08-01,第39号,2004年10月11日,3834,True,,https://www.cac.gov.cn/2004-08/01/c_1112728747.htm,互联网等信息网络传播视听节目管理办法-ee0ec9d4,2026-09-21T00:51:15
98,行政法规,国务院办公厅关于加快场景培育和开放推动新场景大规模应用的实施意见,2025-11-07,〔2025〕37号,,4340,False,,https://www.cac.gov.cn/2025-11/07/c_1764240733658111.htm,国务院办公厅关于加快场景培育和开放推动新场景大规模应用的实施意见-de17586e,2026-09-21T00:51:22
99,行政法规,网络数据安全管理条例,2024-09-30,第790号,2025年1月1日,10000,True,,https://www.cac.gov.cn/2024-09/30/c_1729384452307680.htm,网络数据安全管理条例-825b26ae,2026-09-21T00:51:32
100,行政法规,未成年人网络保护条例,2023-10-24,第766号,2024年1月1日,8942,True,,https://www.cac.gov.cn/2023-10/24/c_1699806932316206.htm,未成年人网络保护条例-2156ffe1,2026-09-21T00:51:39
101,行政法规,关键信息基础设施安全保护条例,2021-08-17,第745号,2021年9月1日,5853,True,,https://www.cac.gov.cn/2021-08/17/c_1630785976988160.htm,关键信息基础设施安全保护条例-fdb6a573,2026-09-21T00:51:45
102,行政法规,互联网上网服务营业场所管理条例,2016-07-06,第363号,,5667,True,,https://www.cac.gov.cn/2016-07/06/c_1119159909.htm,互联网上网服务营业场所管理条例-df444b91,2026-09-21T00:51:53
103,行政法规,计算机信息网络国际联网安全保护管理办法,2014-10-08,第33号,,3014,True,,https://www.cac.gov.cn/2014-10/08/c_1112737294.htm,计算机信息网络国际联网安全保护管理办法-f796a95e,2026-09-21T00:52:01
104,行政法规,国务院关于授权国家互联网信息办公室负责互联网信息内容管理工作的通知,2014-08-28,〔2014〕33号,,195,False,,https://www.cac.gov.cn/2014-08/28/c_1112264158.htm,国务院关于授权国家互联网信息办公室负责互联网信息内容管理工作的通知-081828e4,2026-09-21T00:52:06
105,行政法规,信息网络传播权保护条例,2013-02-18,第468号,,5326,True,,https://www.cac.gov.cn/2013-02/18/c_126468776.htm,信息网络传播权保护条例-0b73b0fd,2026-09-21T00:52:14
106,行政法规,计算机软件保护条例,2013-02-08,第339号,,4393,True,,https://www.cac.gov.cn/2013-02/08/c_12648744.htm,计算机软件保护条例-15fb0564,2026-09-21T00:52:21
107,行政法规,外商投资电信企业管理规定,2008-09-13,第333号,,3196,True,,https://www.cac.gov.cn/2008-09/13/c_126468725.htm,外商投资电信企业管理规定-d5ba91a6,2026-09-21T00:52:27
108,行政法规,中华人民共和国电信条例,2000-09-30,第291号,,11102,True,,https://www.cac.gov.cn/2000-09/30/c_133142151.htm,中华人民共和国电信条例-d560cd3f,2026-09-21T00:52:36
109,行政法规,互联网信息服务管理办法,2000-09-30,第292号,,3116,True,,https://www.cac.gov.cn/2000-09/30/c_126193701.htm,互联网信息服务管理办法-dd0d7ce5,2026-09-21T00:52:43
110,行政法规,中华人民共和国计算机信息网络国际联网管理暂行规定,1996-02-06,第195号,,1830,True,,https://www.cac.gov.cn/1996-02/06/c_126468621.htm,中华人民共和国计算机信息网络国际联网管理暂行规定-1ef6d401,2026-09-21T00:52:50
111,行政法规,中华人民共和国计算机信息系统安全保护条例,1994-02-19,第147号,,2184,True,,https://www.cac.gov.cn/1994-02/19/c_126193562.htm,中华人民共和国计算机信息系统安全保护条例-9a3ce5cc,2026-09-21T00:52:57
